Date,Final Price,Last Seen Price,Min Stay,Price with Default Customization,Unbookable,Available,Check In,Check Out,Status,Status Last Year,ADR,Booked Date,Booked Date Last Year,ADR Last Year
"2025-10-17","1343","","2","1343","","False","Y","Y","Booked","","1865.33","2025-10-13","",""
"2025-10-18","1642","","2","1642","","False","Y","Y","Booked","","1865.33","2025-10-13","",""
"2025-10-19","1732","","2","1732","","False","Y","Y","Booked","","1865.33","2025-10-13","",""
"2025-10-20","1696","","2","1696","","False","Y","Y","Booked","","1865.33","2025-10-13","",""
"2025-10-21","1743","","2","1743","","False","Y","Y","Booked","","1865.33","2025-10-13","",""
"2025-10-22","1765","","2","1765","","False","Y","Y","Booked","","1865.33","2025-10-13","",""
"2025-10-23","1894","1965","2","1894","","True","Y","Y","","","","","",""
"2025-10-24","2116","2155","2","2116","","True","Y","Y","","","","","",""
"2025-10-25","2153","2211","2","2153","","True","Y","Y","","","","","",""
"2025-10-26","2132","2332","2","2132","","True","Y","Y","","","","","",""
"2025-10-27","2349","2370","2","2349","","True","Y","Y","","","","","",""
"2025-10-28","2315","2336","2","2315","","True","Y","Y","","","","","",""
"2025-10-29","2400","2393","2","2400","","True","Y","Y","","","","","",""
"2025-10-30","2392","2323","2","2392","","True","Y","Y","","","","","",""
"2025-10-31","2315","2329","2","2315","","True","Y","Y","","","","","",""
"2025-11-01","2369","2269","2","2369","","True","Y","Y","","","","","",""
"2025-11-02","2195","2195","2","2195","","True","Y","Y","","","","","",""
"2025-11-03","2170","2170","2","2170","","True","Y","Y","","","","","",""
"2025-11-04","2220","2220","2","2220","","True","Y","Y","","","","","",""
"2025-11-05","2270","2270","2","2270","","True","Y","Y","","","","","",""
"2025-11-06","2295","2295","2","2295","","True","Y","Y","","","","","",""
"2025-11-07","2344","2344","2","2344","","True","Y","Y","","","","","",""
"2025-11-08","2469","2469","2","2469","","True","Y","Y","","","","","",""
"2025-11-09","2458","2453","2","2458","","True","Y","Y","","","","","",""
"2025-11-10","2480","2474","2","2480","","True","Y","Y","","","","","",""
"2025-11-11","2519","2519","2","2519","","True","Y","Y","","","","","",""
"2025-11-12","2569","2544","2","2569","","True","Y","Y","","","","","",""
"2025-11-13","2544","2519","2","2544","","True","Y","Y","","","","","",""
"2025-11-14","2519","2519","2","2519","","True","Y","Y","","","","","",""
"2025-11-15","2519","2519","2","2519","","True","Y","Y","","","","","",""
"2025-11-16","2544","2685","2","2544","","True","Y","Y","","","","","",""
"2025-11-17","2712","2712","2","2712","","True","Y","Y","","","","","",""
"2025-11-18","2712","2712","2","2712","","True","Y","Y","","","","","",""
"2025-11-19","2738","2738","2","2738","","True","Y","Y","","","","","",""
"2025-11-20","2764","2764","2","2764","","True","Y","Y","","","","","",""
"2025-11-21","2738","2738","2","2738","","True","Y","Y","","","","","",""
"2025-11-22","2738","2738","2","2738","","True","Y","Y","","","","","",""
"2025-11-23","2659","2659","2","2659","","True","Y","Y","","","","","",""
"2025-11-24","2633","2633","2","2633","","True","Y","Y","","","","","",""
"2025-11-25","2554","2554","2","2554","","True","Y","Y","","","","","",""
"2025-11-26","2580","2606","2","2580","","True","Y","Y","","","","","",""
"2025-11-27","2685","2685","2","2685","","True","Y","Y","","","","","",""
"2025-11-28","2800","2800","2","2817","","True","Y","Y","","","","","",""
"2025-11-29","2800","2800","2","2896","","True","Y","Y","","","","","",""
"2025-11-30","2790","2790","2","2790","","True","Y","Y","","","","","",""
"2025-12-01","2633","2633","2","2633","","True","Y","Y","","","","","",""
"2025-12-02","2501","2501","2","2501","","True","Y","Y","","","","","",""
"2025-12-03","2501","2501","2","2501","","True","Y","Y","","","","","",""
"2025-12-04","2554","2554","2","2554","","True","Y","Y","","","","","",""
"2025-12-05","3491","3491","2","2685","","True","Y","Y","","","","","",""
"2025-12-06","3500","3500","2","2843","","True","Y","Y","","","","","",""
"2025-12-07","3500","3500","2","2738","","True","Y","Y","","","","","",""
"2025-12-08","2711","2711","2","2711","","True","Y","Y","","","","","",""
"2025-12-09","2685","2659","2","2685","","True","Y","Y","","","","","",""
"2025-12-10","2711","2711","2","2711","","True","Y","Y","","","","","",""
"2025-12-11","2791","2791","2","2791","","True","Y","Y","","","","","",""
"2025-12-12","3200","3200","2","2922","","True","Y","Y","","","","","",""
"2025-12-13","3200","3200","2","2975","","True","Y","Y","","","","","",""
"2025-12-14","3200","3200","2","2949","","True","Y","Y","","","","","",""
"2025-12-15","2800","2800","2","2896","","True","Y","Y","","","","","",""
"2025-12-16","2800","2800","2","2975","","True","Y","Y","","","","","",""
"2025-12-17","2800","2800","2","3193","","True","Y","Y","","","","","",""
"2025-12-18","2800","2800","2","3282","","True","Y","Y","","","","","",""
"2025-12-19","2800","2800","2","3427","","True","Y","Y","","","","","",""
"2025-12-20","2800","2800","2","3656","","True","Y","Y","","","","","",""
"2025-12-21","2800","2800","2","3747","","True","Y","Y","","","","","",""
"2025-12-22","2800","2800","2","3670","","True","Y","Y","","","","","",""
"2025-12-23","2800","2800","2","4091","","True","Y","Y","","","","","",""
"2025-12-24","2800","2800","2","4146","","True","Y","Y","","","","","",""
"2025-12-25","2800","2800","2","3828","","True","Y","Y","","","","","",""
"2025-12-26","2800","2800","2","4112","","True","Y","Y","","","","","",""
"2025-12-27","2800","2800","2","4257","","True","Y","Y","","","","","",""
"2025-12-28","2800","2800","2","5614","","True","Y","Y","","","","","",""
"2025-12-29","2800","2800","2","6222","","True","Y","Y","","","","","",""
"2025-12-30","2800","","2","7456","","False","Y","Y","","","","","",""
"2025-12-31","2800","","2","7487","","False","Y","Y","","","","","",""
"2026-01-01","2800","","2","7483","","False","Y","Y","","","","","",""
"2026-01-02","2800","","2","7020","","False","Y","Y","","","","","",""
"2026-01-03","2800","","2","7019","","False","Y","Y","","","","","",""
"2026-01-04","2800","2800","2","4850","","True","Y","Y","","","","","",""
"2026-01-05","2800","2800","2","4321","","True","Y","Y","","","","","",""
"2026-01-06","2800","2800","2","3969","","True","Y","Y","","","","","",""
"2026-01-07","2800","2800","2","3837","","True","Y","Y","","","","","",""
"2026-01-08","2800","2800","2","3522","","True","Y","Y","","","","","",""
"2026-01-09","2800","2800","2","3528","","True","Y","Y","","","","","",""
"2026-01-10","2800","2800","2","3640","","True","Y","Y","","","","","",""
"2026-01-11","2800","2800","2","3647","","True","Y","Y","","","","","",""
"2026-01-12","2800","2800","2","3198","","True","Y","Y","","","","","",""
"2026-01-13","2800","2800","2","3232","","True","Y","Y","","","","","",""
"2026-01-14","2800","2800","2","3267","","True","Y","Y","","","","","",""
"2026-01-15","2800","2800","3","3587","","True","Y","Y","","","","","",""
"2026-01-16","2800","2800","3","3691","","True","Y","Y","","","","","",""
"2026-01-17","2800","2800","3","3313","","True","Y","Y","","Booked (Check-In)","","","2025-01-15","1072.42"
"2026-01-18","2800","2800","3","3172","","True","Y","Y","","","","","",""
"2026-01-19","2800","2800","3","3237","","True","Y","Y","","","","","",""
"2026-01-20","2800","2800","3","3242","","True","Y","Y","","","","","",""
"2026-01-21","2800","2800","3","3307","","True","Y","Y","","","","","",""
"2026-01-22","2800","2800","3","3431","","True","Y","Y","","Booked (Check-In)","","","2025-01-22","1668"
"2026-01-23","2800","2800","3","3466","","True","Y","Y","","Booked","","","2025-01-22","1668"
"2026-01-24","2800","2800","3","3650","","True","Y","Y","","Booked (Check-In)","","","2025-01-14","1072.42"
"2026-01-25","2800","2800","3","3745","","True","Y","Y","","","","","",""
"2026-01-26","2800","2800","3","3811","","True","Y","Y","","","","","",""
"2026-01-27","2800","2800","3","3937","","True","Y","Y","","","","","",""
"2026-01-28","2800","2800","3","4004","","True","Y","Y","","Booked (Check-In)","","","2025-01-25","1668"
"2026-01-29","2800","2800","3","3920","","True","Y","Y","","Booked","","","2025-01-25","1668"
"2026-01-30","2800","2800","3","3687","","True","Y","Y","","Booked","","","2025-01-25","1668"
"2026-01-31","2800","2800","3","3783","","True","Y","Y","","Booked","","","2025-01-25","1668"
"2026-02-01","2800","2800","3","3910","","True","Y","Y","","Booked (Check-In)","","","2025-01-27","1266.05"
"2026-02-02","2800","2800","3","3947","","True","Y","Y","","Booked","","","2025-01-27","1266.05"
"2026-02-03","2800","2800","3","3954","","True","Y","Y","","Booked","","","2025-01-27","1266.05"
"2026-02-04","2800","2800","3","4051","","True","Y","Y","","Booked","","","2025-01-27","1266.05"
"2026-02-05","2800","2800","3","3967","","True","Y","Y","","Booked","","","2025-01-27","1266.05"
"2026-02-06","2800","2800","3","3996","","True","Y","Y","","Booked","","","2025-01-27","1266.05"
"2026-02-07","2800","2800","3","3858","","True","Y","Y","","Booked","","","2025-01-27","1266.05"
"2026-02-08","2800","2800","3","3956","","True","Y","Y","","","","","",""
"2026-02-09","2800","2800","3","3993","","True","Y","Y","","Booked (Check-In)","","","2025-02-04","1668"
"2026-02-10","2800","2800","3","4061","","True","Y","Y","","Booked","","","2025-02-04","1668"
"2026-02-11","2800","2800","3","4006","","True","Y","Y","","Booked","","","2025-02-04","1668"
"2026-02-12","2800","2800","3","3982","","True","Y","Y","","Booked","","","2025-02-04","1668"
"2026-02-13","2800","2800","3","3835","","True","Y","Y","","Booked","","","2025-02-04","1668"
"2026-02-14","2800","2800","3","3811","","True","Y","Y","","Booked","","","2025-02-04","1668"
"2026-02-15","2800","2800","3","3663","","True","Y","Y","","Booked","","","2025-02-04","1668"
"2026-02-16","2800","2800","3","3546","","True","Y","Y","","Booked (Check-In)","","","2025-02-14","924.47"
"2026-02-17","2800","2800","3","3428","","True","Y","Y","","Booked","","","2025-02-14","924.47"
"2026-02-18","2800","2800","3","3434","","True","Y","Y","","Booked","","","2025-02-14","924.47"
"2026-02-19","2800","2800","3","3594","","True","Y","Y","","Booked","","","2025-02-14","924.47"
"2026-02-20","2800","2800","3","3724","","True","Y","Y","","Booked","","","2025-02-14","924.47"
"2026-02-21","2800","2800","3","3761","","True","Y","Y","","Booked","","","2025-02-14","924.47"
"2026-02-22","2800","2800","3","3550","","True","Y","Y","","","","","",""
"2026-02-23","2800","2800","3","3493","","True","Y","Y","","Booked (Check-In)","","","2025-02-21","647.37"
"2026-02-24","2800","2800","3","3467","","True","Y","Y","","Booked","","","2025-02-21","647.37"
"2026-02-25","2800","2800","3","3410","","True","Y","Y","","Booked (Check-In)","","","2025-01-30","579.41"
"2026-02-26","2800","2800","3","3635","","True","Y","Y","","Booked","","","2025-01-30","579.41"
"2026-02-27","2800","2800","3","3704","","True","Y","Y","","Booked","","","2025-01-30","579.41"
"2026-02-28","2800","2800","3","3647","","True","Y","Y","","Booked","","","2025-01-30","579.41"
"2026-03-01","2800","2800","3","3684","","True","Y","Y","","Booked","","","2025-01-30","579.41"
"2026-03-02","2800","2800","3","3611","","True","Y","Y","","Booked","","","2025-01-30","579.41"
"2026-03-03","2800","2800","3","5612","","True","Y","Y","","Booked","","","2025-01-30","579.41"
"2026-03-04","2800","2800","3","5541","","True","Y","Y","","Booked","","","2025-01-30","579.41"
"2026-03-05","2800","2800","3","3651","","True","Y","Y","","Booked","","","2025-01-30","579.41"
"2026-03-06","2800","2800","3","3777","","True","Y","Y","","Booked","","","2025-01-30","579.41"
"2026-03-07","2800","2800","3","3656","","True","Y","Y","","Booked","","","2025-01-30","579.41"
"2026-03-08","2800","2800","3","3503","","True","Y","Y","","Booked","","","2025-01-30","579.41"
"2026-03-09","2800","2800","3","3317","","True","Y","Y","","Booked","","","2025-01-30","579.41"
"2026-03-10","2800","2800","3","3258","","True","Y","Y","","Booked","","","2025-01-30","579.41"
"2026-03-11","2800","2800","3","3231","","True","Y","Y","","Booked","","","2025-01-30","579.41"
"2026-03-12","2800","2800","3","3269","","True","Y","Y","","Booked","","","2025-01-30","579.41"
"2026-03-13","2800","2800","3","3402","","True","Y","Y","","Booked","","","2025-01-30","579.41"
"2026-03-14","2800","2800","3","3504","","True","Y","Y","","","","","",""
"2026-03-15","2800","2800","3","3348","","True","Y","Y","","","","","",""
"2026-03-16","2800","2800","3","3224","","True","Y","Y","","","","","",""
"2026-03-17","2800","2800","3","3229","","True","Y","Y","","","","","",""
"2026-03-18","2800","2800","3","3234","","True","Y","Y","","","","","",""
"2026-03-19","2800","2800","3","3367","","True","Y","Y","","","","","",""
"2026-03-20","2800","2800","3","3472","","True","Y","Y","","Booked (Check-In)","","","2025-02-16","972.93"
"2026-03-21","2800","2800","3","3445","","True","Y","Y","","Booked","","","2025-02-16","972.93"
"2026-03-22","2800","2800","3","3287","","True","Y","Y","","Booked","","","2025-02-16","972.93"
"2026-03-23","2800","2800","3","3097","","True","Y","Y","","Booked","","","2025-02-16","972.93"
"2026-03-24","2800","2800","3","3167","","True","Y","Y","","Booked","","","2025-02-16","972.93"
"2026-03-25","2800","2800","3","3237","","True","Y","Y","","Booked","","","2025-02-16","972.93"
"2026-03-26","2800","2800","3","3406","","True","Y","Y","","Booked","","","2025-02-16","972.93"
"2026-03-27","2800","2800","3","3542","","True","Y","Y","","Booked","","","2025-02-16","972.93"
"2026-03-28","2800","2800","3","4027","","True","Y","Y","","Booked (Check-In)","","","2025-03-28","1093"
"2026-03-29","2800","2800","3","3764","","True","Y","Y","","Booked (Check-In)","","","2025-03-11","1205.07"
"2026-03-30","2800","2800","3","4016","","True","Y","Y","","Booked","","","2025-03-11","1205.07"
"2026-03-31","2800","2800","3","3708","","True","Y","Y","","Booked","","","2025-03-11","1205.07"
"2026-04-01","2800","2800","3","3173","","True","Y","Y","","Booked","","","2025-03-11","1205.07"
"2026-04-02","2800","2800","3","3178","","True","Y","Y","","Booked","","","2025-03-11","1205.07"
"2026-04-03","2800","2800","3","3282","","True","Y","Y","","Booked","","","2025-03-11","1205.07"
"2026-04-04","2800","2800","3","3287","","True","Y","Y","","Booked","","","2025-03-11","1205.07"
"2026-04-05","2800","2800","3","3192","","True","Y","Y","","Booked","","","2025-03-11","1205.07"
"2026-04-06","2800","2800","3","2959","","True","Y","Y","","Booked","","","2025-03-11","1205.07"
"2026-04-07","2693","2693","3","2693","","True","Y","Y","","Booked","","","2025-03-11","1205.07"
"2026-04-08","2793","2793","3","2793","","True","Y","Y","","Booked","","","2025-03-11","1205.07"
"2026-04-09","2800","2800","3","2860","","True","Y","Y","","Booked","","","2025-03-11","1205.07"
"2026-04-10","2800","2800","3","3226","","True","Y","Y","","Booked","","","2025-03-11","1205.07"
"2026-04-11","2800","2800","3","3059","","True","Y","Y","","Booked","","","2025-03-11","1205.07"
"2026-04-12","2793","2793","3","2793","","True","Y","Y","","Booked","","","2025-03-11","1205.07"
"2026-04-13","2627","2627","3","2627","","True","Y","Y","","Booked","","","2025-03-11","1205.07"
"2026-04-14","2394","2394","3","2394","","True","Y","Y","","Booked","","","2025-03-11","1205.07"
"2026-04-15","2427","2427","3","2427","","True","Y","Y","","Booked","","","2025-03-11","1205.07"
"2026-04-16","2494","2494","3","2494","","True","Y","Y","","Booked","","","2025-03-11","1205.07"
"2026-04-17","2660","2660","3","2660","","True","Y","Y","","Booked","","","2025-03-11","1205.07"
"2026-04-18","2594","2594","3","2594","","True","Y","Y","","Booked","","","2025-03-11","1205.07"
"2026-04-19","2527","2527","3","2527","","True","Y","Y","","Booked","","","2025-03-11","1205.07"
"2026-04-20","2361","2361","3","2361","","True","Y","Y","","Booked","","","2025-03-11","1205.07"
"2026-04-21","2394","2394","3","2394","","True","Y","Y","","Booked","","","2025-03-11","1205.07"
"2026-04-22","2294","2294","3","2294","","True","Y","Y","","Booked","","","2025-03-11","1205.07"
"2026-04-23","2396","2396","3","2396","","True","Y","Y","","Booked","","","2025-03-11","1205.07"
"2026-04-24","2627","2627","3","2627","","True","Y","Y","","Booked","","","2025-03-11","1205.07"
"2026-04-25","2693","2660","3","2693","","True","Y","Y","","Booked","","","2025-03-11","1205.07"
"2026-04-26","2627","2594","3","2627","","True","Y","Y","","","","","",""
"2026-04-27","2194","2194","3","2194","","True","Y","Y","","","","","",""
"2026-04-28","2228","2228","3","2228","","True","Y","Y","","","","","",""
"2026-04-29","2502","2508","3","2502","","True","Y","Y","","","","","",""
"2026-04-30","2295","2295","3","2295","","True","Y","Y","","Booked (Check-In)","","","2025-04-29","852"
"2026-05-01","2438","2444","3","2438","","True","Y","Y","","Booked","","","2025-04-29","852"
"2026-05-02","2294","2294","3","2294","","True","Y","Y","","Booked","","","2025-04-29","852"
"2026-05-03","2201","2201","3","2201","","True","Y","Y","","Booked","","","2025-04-29","852"
"2026-05-04","2388","2394","3","2388","","True","Y","Y","","Booked","","","2025-04-29","852"
"2026-05-05","2367","2373","3","2367","","True","Y","Y","","","","","",""
"2026-05-06","2358","2364","3","2358","","True","Y","Y","","","","","",""
"2026-05-07","2151","2151","3","2151","","True","Y","Y","","","","","",""
"2026-05-08","2065","2065","3","2065","","True","Y","Y","","","","","",""
"2026-05-09","2091","2091","3","2091","","True","Y","Y","","","","","",""
"2026-05-10","2030","2030","3","2030","","True","Y","Y","","","","","",""
"2026-05-11","2102","2102","3","2102","","True","Y","Y","","","","","",""
"2026-05-12","1995","1995","3","1995","","True","Y","Y","","","","","",""
"2026-05-13","2073","2038","3","2073","","True","Y","Y","","","","","",""
"2026-05-14","2117","2117","3","2117","","True","Y","Y","","","","","",""
"2026-05-15","2117","2117","3","2117","","True","Y","Y","","","","","",""
"2026-05-16","2082","2091","3","2082","","True","Y","Y","","","","","",""
"2026-05-17","2020","2029","3","2020","","True","Y","Y","","Booked (Check-In)","","","2025-05-18","1214"
"2026-05-18","1931","1931","3","1931","","True","Y","Y","","Booked","","","2025-05-18","1214"
"2026-05-19","1903","1939","3","1903","","True","Y","Y","","","","","",""
"2026-05-20","2239","2245","3","2239","","True","Y","Y","","","","","",""
"2026-05-21","2623","2640","3","2623","","True","Y","Y","","","","","",""
"2026-05-22","2236","2242","3","2236","","True","Y","Y","","","","","",""
"2026-05-23","2234","2240","3","2234","","True","Y","Y","","","","","",""
"2026-05-24","2237","2243","3","2237","","True","Y","Y","","","","","",""
"2026-05-25","1903","1912","3","1903","","True","Y","Y","","","","","",""
"2026-05-26","1876","1885","3","1876","","True","Y","Y","","","","","",""
"2026-05-27","1893","1893","3","1893","","True","Y","Y","","","","","",""
"2026-05-28","1938","1938","3","1938","","True","Y","Y","","","","","",""
"2026-05-29","2057","2048","3","2057","","True","Y","Y","","","","","",""
"2026-05-30","2094","2085","3","2094","","True","Y","Y","","","","","",""
"2026-05-31","2184","2199","3","2184","","True","Y","Y","","","","","",""
"2026-06-01","2370","2392","3","2370","","True","Y","Y","","","","","",""
"2026-06-02","2194","2199","3","2194","","True","Y","Y","","","","","",""
"2026-06-03","2195","2200","3","2195","","True","Y","Y","","","","","",""
"2026-06-04","2185","2200","3","2185","","True","Y","Y","","","","","",""
"2026-06-05","2186","2201","3","2186","","True","Y","Y","","","","","",""
"2026-06-06","2183","2198","3","2183","","True","Y","Y","","","","","",""
"2026-06-07","2183","2198","3","2183","","True","Y","Y","","","","","",""
"2026-06-08","2369","2391","3","2369","","True","Y","Y","","","","","",""
"2026-06-09","2193","2199","3","2193","","True","Y","Y","","","","","",""
"2026-06-10","2193","2199","3","2193","","True","Y","Y","","","","","",""
"2026-06-11","2193","2199","3","2193","","True","Y","Y","","","","","",""
"2026-06-12","2193","2199","3","2193","","True","Y","Y","","","","","",""
"2026-06-13","2085","2048","3","2085","","True","Y","Y","","","","","",""
"2026-06-14","2085","2048","3","2085","","True","Y","Y","","","","","",""
"2026-06-15","2075","2039","3","2075","","True","Y","Y","","","","","",""
"2026-06-16","1921","1921","3","1921","","True","Y","Y","","","","","",""
"2026-06-17","1921","1921","3","1921","","True","Y","Y","","","","","",""
"2026-06-18","1993","2029","3","1993","","True","Y","Y","","","","","",""
"2026-06-19","2066","2066","3","2066","","True","Y","Y","","","","","",""
"2026-06-20","2102","2102","3","2102","","True","Y","Y","","","","","",""
"2026-06-21","2029","2029","3","2029","","True","Y","Y","","","","","",""
"2026-06-22","2020","1993","3","2020","","True","Y","Y","","","","","",""
"2026-06-23","1939","1957","3","1939","","True","Y","Y","","","","","",""
"2026-06-24","1975","1993","3","1975","","True","Y","Y","","","","","",""
"2026-06-25","2011","2056","3","2011","","True","Y","Y","","","","","",""
"2026-06-26","2119","2119","3","2119","","True","Y","Y","","","","","",""
"2026-06-27","2119","2119","3","2119","","True","Y","Y","","","","","",""
"2026-06-28","2083","2083","3","2083","","True","Y","Y","","","","","",""
"2026-06-29","2011","2011","3","2011","","True","Y","Y","","","","","",""
"2026-06-30","2002","2002","3","2002","","True","Y","Y","","","","","",""
"2026-07-01","2029","2029","3","2029","","True","Y","Y","","Booked (Check-In)","","","2025-06-29","876.1"
"2026-07-02","2064","2064","3","2064","","True","Y","Y","","Booked","","","2025-06-29","876.1"
"2026-07-03","2171","2171","3","2171","","True","Y","Y","","Booked","","","2025-06-29","876.1"
"2026-07-04","2136","2136","3","2136","","True","Y","Y","","Booked","","","2025-06-29","876.1"
"2026-07-05","2100","2100","3","2100","","True","Y","Y","","Booked","","","2025-06-29","876.1"
"2026-07-06","2029","2029","3","2029","","True","Y","Y","","Booked","","","2025-06-29","876.1"
"2026-07-07","1993","1993","3","1993","","True","Y","Y","","Booked","","","2025-06-29","876.1"
"2026-07-08","2064","2064","3","2064","","True","Y","Y","","Booked","","","2025-06-29","876.1"
"2026-07-09","2064","2064","3","2064","","True","Y","Y","","Booked","","","2025-06-29","876.1"
"2026-07-10","2162","2162","3","2162","","True","Y","Y","","Booked","","","2025-06-29","876.1"
"2026-07-11","2126","2091","3","2126","","True","Y","Y","","Booked","","","2025-06-29","876.1"
"2026-07-12","2126","2126","3","2126","","True","Y","Y","","","","","",""
"2026-07-13","2047","2047","3","2047","","True","Y","Y","","","","","",""
"2026-07-14","2283","2290","3","2283","","True","Y","Y","","","","","",""
"2026-07-15","2284","2290","3","2284","","True","Y","Y","","","","","",""
"2026-07-16","2284","2290","3","2284","","True","Y","Y","","","","","",""
"2026-07-17","2117","2117","3","2117","","True","Y","Y","","","","","",""
"2026-07-18","2117","2117","3","2117","","True","Y","Y","","","","","",""
"2026-07-19","2082","2082","3","2082","","True","Y","Y","","","","","",""
"2026-07-20","2012","2012","3","2012","","True","Y","Y","","","","","",""
"2026-07-21","2284","2290","3","2284","","True","Y","Y","","","","","",""
"2026-07-22","2284","2290","3","2284","","True","Y","Y","","","","","",""
"2026-07-23","2285","2291","3","2285","","True","Y","Y","","","","","",""
"2026-07-24","2295","2292","3","2295","","True","Y","Y","","","","","",""
"2026-07-25","2295","2292","3","2295","","True","Y","Y","","","","","",""
"2026-07-26","2108","2117","3","2108","","True","Y","Y","","","","","",""
"2026-07-27","2003","2047","3","2003","","True","Y","Y","","","","","",""
"2026-07-28","2030","2038","3","2030","","True","Y","Y","","","","","",""
"2026-07-29","2030","2030","3","2030","","True","Y","Y","","","","","",""
"2026-07-30","2135","2135","3","2135","","True","Y","Y","","","","","",""
"2026-07-31","2305","2311","3","2305","","True","Y","Y","","","","","",""
"2026-08-01","2169","2169","3","2169","","True","Y","Y","","","","","",""
"2026-08-02","2135","2135","3","2135","","True","Y","Y","","","","","",""
"2026-08-03","2064","2064","3","2064","","True","Y","Y","","Booked (Check-In)","","","2025-07-30","1003"
"2026-08-04","2056","2056","3","2056","","True","Y","Y","","Booked","","","2025-07-30","1003"
"2026-08-05","2047","2047","3","2047","","True","Y","Y","","Booked","","","2025-07-30","1003"
"2026-08-06","2186","2186","3","2186","","True","Y","Y","","Booked","","","2025-07-30","1003"
"2026-08-07","2212","2212","3","2212","","True","Y","Y","","","","","",""
"2026-08-08","2203","2203","3","2203","","True","Y","Y","","","","","",""
"2026-08-09","2194","2194","3","2194","","True","Y","Y","","","","","",""
"2026-08-10","2048","2048","3","2048","","True","Y","Y","","","","","",""
"2026-08-11","2040","2040","3","2040","","True","Y","Y","","","","","",""
"2026-08-12","2032","2032","3","2032","","True","Y","Y","","","","","",""
"2026-08-13","2168","2168","3","2168","","True","Y","Y","","","","","",""
"2026-08-14","2202","2202","3","2202","","True","Y","Y","","","","","",""
"2026-08-15","2235","2235","3","2235","","True","Y","Y","","","","","",""
"2026-08-16","2168","2168","3","2168","","True","Y","Y","","","","","",""
"2026-08-17","2382","2389","3","2382","","True","Y","Y","","","","","",""
"2026-08-18","2392","2399","3","2392","","True","Y","Y","","","","","",""
"2026-08-19","2400","2407","3","2400","","True","Y","Y","","","","","",""
"2026-08-20","2401","2408","3","2401","","True","Y","Y","","","","","",""
"2026-08-21","2410","2417","3","2410","","True","Y","Y","","","","","",""
"2026-08-22","2430","2438","3","2430","","True","Y","Y","","","","","",""
"2026-08-23","2448","2456","3","2448","","True","Y","Y","","","","","",""
"2026-08-24","2467","2474","3","2467","","True","Y","Y","","Booked (Check-In)","","","2025-07-31","881.1"
"2026-08-25","2228","2228","3","2228","","True","Y","Y","","Booked","","","2025-07-31","881.1"
"2026-08-26","2161","2162","3","2161","","True","Y","Y","","Booked","","","2025-07-31","881.1"
"2026-08-27","2228","2228","3","2228","","True","Y","Y","","Booked","","","2025-07-31","881.1"
"2026-08-28","2427","2394","3","2427","","True","Y","Y","","Booked","","","2025-07-31","881.1"
"2026-08-29","2461","2461","3","2461","","True","Y","Y","","Booked","","","2025-07-31","881.1"
"2026-08-30","2328","2328","3","2328","","True","Y","Y","","Booked","","","2025-07-31","881.1"
"2026-08-31","2328","2294","3","2328","","True","Y","Y","","","","","",""
"2026-09-01","2328","2328","3","2328","","True","Y","Y","","","","","",""
"2026-09-02","2294","2294","3","2294","","True","Y","Y","","","","","",""
"2026-09-03","2328","2294","3","2328","","True","Y","Y","","","","","",""
"2026-09-04","2461","2461","3","2461","","True","Y","Y","","","","","",""
"2026-09-05","2527","2494","3","2527","","True","Y","Y","","","","","",""
"2026-09-06","2361","2361","3","2361","","True","Y","Y","","","","","",""
"2026-09-07","2394","2394","3","2394","","True","Y","Y","","","","","",""
"2026-09-08","2394","2394","3","2394","","True","Y","Y","","","","","",""
"2026-09-09","2361","2361","3","2361","","True","Y","Y","","","","","",""
"2026-09-10","2427","2394","3","2427","","True","Y","Y","","","","","",""
"2026-09-11","2494","2494","3","2494","","True","Y","Y","","","","","",""
"2026-09-12","2594","2594","3","2594","","True","Y","Y","","","","","",""
"2026-09-13","2427","2427","3","2427","","True","Y","Y","","","","","",""
"2026-09-14","2427","2427","3","2427","","True","Y","Y","","","","","",""
"2026-09-15","2361","2361","3","2361","","True","Y","Y","","","","","",""
"2026-09-16","2427","2394","3","2427","","True","Y","Y","","","","","",""
"2026-09-17","2494","2461","3","2494","","True","Y","Y","","","","","",""
"2026-09-18","2527","2527","3","2527","","True","Y","Y","","","","","",""
"2026-09-19","2660","2627","3","2660","","True","Y","Y","","","","","",""
"2026-09-20","2494","2461","3","2494","","True","Y","Y","","","","","",""
"2026-09-21","2494","2494","3","2494","","True","Y","Y","","","","","",""
"2026-09-22","2427","2427","3","2427","","True","Y","Y","","","","","",""
"2026-09-23","2693","2693","3","2693","","True","Y","Y","","","","","",""
"2026-09-24","2660","2660","3","2660","","True","Y","Y","","","","","",""
"2026-09-25","2660","2660","3","2660","","True","Y","Y","","","","","",""
"2026-09-26","2800","2800","3","2860","","True","Y","Y","","","","","",""
"2026-09-27","2694","2694","3","2694","","True","Y","Y","","","","","",""
"2026-09-28","2660","2660","3","2660","","True","Y","Y","","","","","",""
"2026-09-29","2560","2560","3","2560","","True","Y","Y","","","","","",""
"2026-09-30","2760","2727","3","2760","","True","Y","Y","","","","","",""
"2026-10-01","2800","2800","3","3037","","True","Y","Y","","","","","",""
"2026-10-02","2800","2800","3","2893","","True","Y","Y","","","","","",""
"2026-10-03","2800","2800","3","2993","","True","Y","Y","","","","","",""
"2026-10-04","2793","2760","3","2793","","True","Y","Y","","","","","",""
"2026-10-05","2760","2727","3","2760","","True","Y","Y","","","","","",""
"2026-10-06","2727","2727","3","2727","","True","Y","Y","","","","","",""
"2026-10-07","2800","2800","3","2893","","True","Y","Y","","","","","",""
"2026-10-08","2800","2800","3","2926","","True","Y","Y","","","","","",""
"2026-10-09","2800","2800","3","3092","","True","Y","Y","","","","","",""
"2026-10-10","2800","2800","3","3159","","True","Y","Y","","","","","",""
"2026-10-11","2800","2800","3","2960","","True","Y","Y","","","","","",""
"2026-10-12","2800","2800","3","2893","","True","Y","Y","","","","","",""
"2026-10-13","2793","2793","3","2793","","True","Y","Y","","Booked (Check-In)","","","2025-10-13","1865.33"
"2026-10-14","2800","2800","3","2827","","True","Y","Y","","Booked","","","2025-10-13","1865.33"
"2026-10-15","2800","2727","3","2960","","True","Y","Y","","Booked","","","2025-10-13","1865.33"
"2026-10-16","2800","2800","3","2893","","True","Y","Y","","Booked","","","2025-10-13","1865.33"
"2026-10-17","2800","","3","2960","","False","Y","Y","","Booked","","","2025-10-13","1865.33"
"2026-10-18","2760","","3","2760","","False","Y","Y","","Booked","","","2025-10-13","1865.33"
"2026-10-19","2694","","3","2694","","False","Y","Y","","Booked","","","2025-10-13","1865.33"
"2026-10-20","2694","","3","2694","","False","Y","Y","","Booked","","","2025-10-13","1865.33"
"2026-10-21","2727","","3","2727","","False","Y","Y","","Booked","","","2025-10-13","1865.33"
"2026-10-22","2800","","3","2860","","False","Y","Y","","","","","",""
"2026-10-23","2800","","3","2826","","False","Y","Y","","","","","",""
"2026-10-24","2800","","3","2893","","False","Y","Y","","","","","",""
"2026-10-25","2793","","3","2793","","False","Y","Y","","","","","",""
"2026-10-26","2693","","3","2693","","False","Y","Y","","","","","",""
"2026-10-27","2693","","3","2693","","False","Y","Y","","","","","",""
"2026-10-28","2727","","3","2727","","False","Y","Y","","","","","",""
"2026-10-29","2793","","3","2793","","False","Y","Y","","","","","",""
"2026-10-30","2800","","3","2926","","False","Y","Y","","","","","",""
"2026-10-31","2800","","3","2993","","False","Y","Y","","","","","",""
"2026-11-01","2800","","3","2926","","False","Y","Y","","","","","",""
"2026-11-02","2800","","3","2893","","False","Y","Y","","","","","",""
"2026-11-03","2800","","3","2959","","False","Y","Y","","","","","",""
"2026-11-04","2800","","3","3059","","False","Y","Y","","","","","",""
"2026-11-05","2800","","3","3059","","False","Y","Y","","","","","",""
"2026-11-06","2800","","3","3126","","False","Y","Y","","","","","",""
"2026-11-07","2800","","3","3193","","False","Y","Y","","","","","",""
"2026-11-08","2800","","3","3159","","False","Y","Y","","","","","",""
"2026-11-09","2800","","3","3159","","False","Y","Y","","","","","",""
"2026-11-10","2800","","3","3226","","False","Y","Y","","","","","",""
"2026-11-11","2800","","3","3292","","False","Y","Y","","","","","",""
"2026-11-12","2800","","3","3292","","False","Y","Y","","","","","",""
"2026-11-13","2800","","3","3292","","False","Y","Y","","","","","",""
"2026-11-14","2800","","3","3359","","False","Y","Y","","","","","",""
"2026-11-15","2800","","3","3325","","False","Y","Y","","","","","",""
"2026-11-16","2800","","3","3325","","False","Y","Y","","","","","",""
"2026-11-17","2800","","3","3325","","False","Y","Y","","","","","",""
"2026-11-18","2800","","3","3359","","False","Y","Y","","","","","",""
"2026-11-19","2800","","3","3425","","False","Y","Y","","","","","",""
"2026-11-20","2800","","3","3458","","False","Y","Y","","","","","",""
"2026-11-21","2800","","3","3492","","False","Y","Y","","","","","",""
"2026-11-22","2800","","3","3425","","False","Y","Y","","","","","",""
"2026-11-23","2800","","3","3359","","False","Y","Y","","","","","",""
"2026-11-24","2800","","3","3259","","False","Y","Y","","","","","",""
"2026-11-25","2800","","3","3259","","False","Y","Y","","","","","",""
"2026-11-26","2800","","3","3359","","False","Y","Y","","","","","",""
"2026-11-27","2800","","3","3458","","False","Y","Y","","","","","",""
"2026-11-28","2800","","3","3558","","False","Y","Y","","","","","",""
"2026-11-29","2800","","3","3458","","False","Y","Y","","","","","",""
"2026-11-30","2800","","3","3358","","False","Y","Y","","","","","",""
"2026-12-01","2800","","3","3259","","False","Y","Y","","","","","",""
"2026-12-02","2800","","3","3292","","False","Y","Y","","","","","",""
"2026-12-03","2800","","3","3392","","False","Y","Y","","","","","",""
"2026-12-04","2800","","3","3525","","False","Y","Y","","","","","",""
"2026-12-05","2800","","3","3658","","False","Y","Y","","","","","",""
"2026-12-06","2800","","3","3558","","False","Y","Y","","","","","",""
"2026-12-07","2800","","3","3491","","False","Y","Y","","","","","",""
"2026-12-08","2800","","3","3425","","False","Y","Y","","","","","",""
"2026-12-09","2800","","3","3459","","False","Y","Y","","","","","",""
"2026-12-10","2800","","3","3558","","False","Y","Y","","","","","",""
"2026-12-11","2800","","3","3724","","False","Y","Y","","","","","",""
"2026-12-12","2800","","3","3890","","False","Y","Y","","","","","",""
"2026-12-13","2800","","3","3857","","False","Y","Y","","","","","",""
"2026-12-14","2800","","3","3791","","False","Y","Y","","","","","",""
"2026-12-15","2800","","3","3957","","False","Y","Y","","","","","",""
"2026-12-16","2800","","3","3957","","False","Y","Y","","","","","",""
"2026-12-17","2800","","3","3991","","False","Y","Y","","","","","",""
"2026-12-18","2800","","3","4057","","False","Y","Y","","","","","",""
"2026-12-19","2800","","3","4290","","False","Y","Y","","","","","",""
"2026-12-20","2800","","3","4389","","False","Y","Y","","","","","",""
"2026-12-21","2800","","3","4161","","False","Y","Y","","","","","",""
"2026-12-22","2800","","3","4260","","False","Y","Y","","","","","",""
"2026-12-23","2800","","3","4376","","False","Y","Y","","","","","",""
"2026-12-24","2800","","3","4322","","False","Y","Y","","","","","",""
"2026-12-25","2800","","3","4322","","False","Y","Y","","","","","",""
"2026-12-26","2800","","3","4344","","False","Y","Y","","","","","",""
"2026-12-27","2800","","3","4740","","False","Y","Y","","","","","",""
"2026-12-28","2800","","3","4740","","False","Y","Y","","","","","",""
"2026-12-29","2800","","3","4740","","False","Y","Y","","","","","",""
"2026-12-30","2800","","3","6153","","False","Y","Y","","","","","",""
"2026-12-31","2800","","3","6153","","False","Y","Y","","","","","",""
"2027-01-01","2800","","3","6153","","False","Y","Y","","","","","",""
"2027-01-02","2800","","3","6153","","False","Y","Y","","","","","",""
"2027-01-03","2800","","3","4358","","False","Y","Y","","","","","",""
"2027-01-04","2800","","3","4358","","False","Y","Y","","","","","",""
"2027-01-05","2800","","3","4358","","False","Y","Y","","","","","",""
"2027-01-06","2800","","3","4358","","False","Y","Y","","","","","",""
"2027-01-07","2800","","3","4358","","False","Y","Y","","","","","",""
"2027-01-08","2800","","3","4358","","False","Y","Y","","","","","",""
"2027-01-09","2800","","3","4358","","False","Y","Y","","","","","",""
"2027-01-10","2800","","3","3736","","False","Y","Y","","","","","",""
"2027-01-11","2800","","3","3924","","False","Y","Y","","","","","",""
"2027-01-12","2800","","3","3991","","False","Y","Y","","","","","",""
"2027-01-13","2800","","3","3991","","False","Y","Y","","","","","",""
"2027-01-14","2800","","3","3891","","False","Y","Y","","","","","",""
"2027-01-15","2800","","3","3824","","False","Y","Y","","","","","",""
"2027-01-16","2800","","3","3924","","False","Y","Y","","","","","",""
"2027-01-17","2800","","3","3824","","False","Y","Y","","","","","",""
"2027-01-18","2800","","3","3824","","False","Y","Y","","","","","",""
"2027-01-19","2800","","3","3858","","False","Y","Y","","","","","",""
"2027-01-20","2800","","3","3924","","False","Y","Y","","","","","",""
"2027-01-21","2800","","3","3957","","False","Y","Y","","","","","",""
"2027-01-22","2800","","3","3924","","False","Y","Y","","","","","",""
"2027-01-23","2800","","3","3991","","False","Y","Y","","","","","",""
"2027-01-24","2800","","3","3991","","False","Y","Y","","","","","",""
"2027-01-25","2800","","3","4023","","False","Y","Y","","","","","",""
"2027-01-26","2800","","3","4057","","False","Y","Y","","","","","",""
"2027-01-27","2800","","3","4157","","False","Y","Y","","","","","",""
"2027-01-28","2800","","3","4157","","False","Y","Y","","","","","",""
"2027-01-29","2800","","3","4057","","False","Y","Y","","","","","",""
"2027-01-30","2800","","3","4157","","False","Y","Y","","","","","",""
"2027-01-31","2800","","3","4290","","False","Y","Y","","","","","",""
"2027-02-01","2800","","3","4323","","False","Y","Y","","","","","",""
"2027-02-02","2800","","3","4389","","False","Y","Y","","","","","",""
"2027-02-03","2800","","3","4423","","False","Y","Y","","","","","",""
"2027-02-04","2800","","3","4356","","False","Y","Y","","","","","",""
"2027-02-05","2800","","3","4157","","False","Y","Y","","","","","",""
"2027-02-06","2800","","3","4190","","False","Y","Y","","","","","",""
"2027-02-07","2800","","3","4190","","False","Y","Y","","","","","",""
"2027-02-08","2800","","3","4157","","False","Y","Y","","","","","",""
"2027-02-09","2800","","3","4123","","False","Y","Y","","","","","",""
"2027-02-10","2800","","3","4090","","False","Y","Y","","","","","",""
"2027-02-11","2800","","3","4157","","False","Y","Y","","","","","",""
"2027-02-12","2800","","3","4090","","False","Y","Y","","","","","",""
"2027-02-13","2800","","3","4057","","False","Y","Y","","","","","",""
"2027-02-14","2800","","3","3991","","False","Y","Y","","","","","",""
"2027-02-15","2800","","3","3924","","False","Y","Y","","","","","",""
"2027-02-16","2800","","3","3891","","False","Y","Y","","","","","",""
"2027-02-17","2800","","3","3824","","False","Y","Y","","","","","",""
"2027-02-18","2800","","3","3990","","False","Y","Y","","","","","",""
"2027-02-19","2800","","3","4024","","False","Y","Y","","","","","",""
"2027-02-20","2800","","3","4024","","False","Y","Y","","","","","",""
"2027-02-21","2800","","3","3890","","False","Y","Y","","","","","",""
"2027-02-22","2800","","3","3791","","False","Y","Y","","","","","",""
"2027-02-23","2800","","3","3724","","False","Y","Y","","","","","",""
"2027-02-24","2800","","3","3658","","False","Y","Y","","","","","",""
"2027-02-25","2800","","3","3857","","False","Y","Y","","","","","",""
"2027-02-26","2800","","3","3924","","False","Y","Y","","","","","",""
"2027-02-27","2800","","3","3824","","False","Y","Y","","","","","",""
"2027-02-28","2800","","3","3791","","False","Y","Y","","","","","",""
"2027-03-01","2800","","3","3658","","False","Y","Y","","","","","",""
"2027-03-02","2800","","3","3591","","False","Y","Y","","","","","",""
"2027-03-03","2800","","3","3558","","False","Y","Y","","","","","",""
"2027-03-04","2800","","3","3658","","False","Y","Y","","","","","",""
"2027-03-05","2800","","3","3791","","False","Y","Y","","","","","",""
"2027-03-06","2800","","3","3758","","False","Y","Y","","","","","",""
"2027-03-07","2800","","3","3658","","False","Y","Y","","","","","",""
"2027-03-08","2800","","3","3492","","False","Y","Y","","","","","",""
"2027-03-09","2800","","3","3491","","False","Y","Y","","","","","",""
"2027-03-10","2800","","3","3458","","False","Y","Y","","","","","",""
"2027-03-11","2800","","3","3525","","False","Y","Y","","","","","",""
"2027-03-12","2800","","3","3625","","False","Y","Y","","","","","",""
"2027-03-13","2800","","3","3658","","False","Y","Y","","","","","",""
"2027-03-14","2800","","3","3492","","False","Y","Y","","","","","",""
"2027-03-15","2800","","3","3292","","False","Y","Y","","","","","",""
"2027-03-16","2800","","3","3292","","False","Y","Y","","","","","",""
"2027-03-17","2800","","3","3325","","False","Y","Y","","","","","",""
"2027-03-18","2800","","3","3425","","False","Y","Y","","","","","",""
"2027-03-19","2800","","3","3591","","False","Y","Y","","","","","",""
"2027-03-20","2800","","3","3625","","False","Y","Y","","","","","",""
"2027-03-21","2800","","3","3558","","False","Y","Y","","","","","",""
"2027-03-22","2800","","3","3259","","False","Y","Y","","","","","",""
"2027-03-23","2800","","3","3259","","False","Y","Y","","","","","",""
"2027-03-24","2800","","3","3292","","False","Y","Y","","","","","",""
"2027-03-25","2800","","3","3359","","False","Y","Y","","","","","",""
"2027-03-26","2800","","3","3425","","False","Y","Y","","","","","",""
"2027-03-27","2800","","3","3492","","False","Y","Y","","","","","",""
"2027-03-28","2800","","3","3325","","False","Y","Y","","","","","",""
"2027-03-29","2800","","3","3126","","False","Y","Y","","","","","",""
"2027-03-30","2800","","3","3026","","False","Y","Y","","","","","",""
"2027-03-31","2800","","3","3093","","False","Y","Y","","","","","",""
"2027-04-01","2800","","3","3159","","False","Y","Y","","","","","",""
"2027-04-02","2800","","3","3358","","False","Y","Y","","","","","",""
"2027-04-03","2800","","3","3326","","False","Y","Y","","","","","",""
"2027-04-04","2800","","3","3126","","False","Y","Y","","","","","",""
"2027-04-05","2800","","3","2960","","False","Y","Y","","","","","",""
"2027-04-06","2727","","3","2727","","False","Y","Y","","","","","",""
"2027-04-07","2760","","3","2760","","False","Y","Y","","","","","",""
"2027-04-08","2800","","3","2827","","False","Y","Y","","","","","",""
"2027-04-09","2800","","3","3026","","False","Y","Y","","","","","",""
"2027-04-10","2800","","3","2960","","False","Y","Y","","","","","",""